<?xml version="1.0" encoding="UTF-8"?>
<project-private xmlns="http://www.netbeans.org/ns/project-private/1">
    <editor-bookmarks xmlns="http://www.netbeans.org/ns/editor-bookmarks/2" lastBookmarkId="0"/>
    <open-files xmlns="http://www.netbeans.org/ns/projectui-open-files/2">
        <group>
            <file>file:/C:/Users/Windows%2010/Desktop/JOYSIS_JAVA/AttendanceMonitoringSystem/src/com/app/view/MainView.java</file>
            <file>file:/C:/Users/Windows%2010/Desktop/JOYSIS_JAVA/AttendanceMonitoringSystem/src/com/app/controller/AttendanceController.java</file>
            <file>file:/C:/Users/Windows%2010/Desktop/JOYSIS_JAVA/AttendanceMonitoringSystem/src/com/app/view/AttendanceView.java</file>
            <file>file:/C:/Users/Windows%2010/Desktop/JOYSIS_JAVA/AttendanceMonitoringSystem/src/com/app/view/UserView.java</file>
            <file>file:/C:/Users/Windows%2010/Desktop/JOYSIS_JAVA/AttendanceMonitoringSystem/src/com/app/main/Main.java</file>
        </group>
    </open-files>
</project-private>
